source1_entity_id	matched_entity_ids
S1-925783039	
S1-773889195	
S1-377745466	
S1-133037285	
S1-755362802	
S1-851869949	
S1-785847572	
S1-27541239	
S1-629417405	
S1-22305073	
S1-504790211	
S1-564729135	
S1-236312382	
S1-865131206	
S1-626914593	
S1-765734254	
S1-82053739	
S1-309349399	
S1-221443075	
S1-341506266	
S1-990319941	
S1-597762257	
S1-661315962	
S1-716574008	
S1-985038901	
S1-404435514	
S1-252242682	
S1-981440385	
S1-883973644	
S1-17666546	
S1-513115995	
S1-791217329	
S1-602913883	
S1-401372098	
S1-796227187	
S1-945437722	
S1-982210261	
S1-976369483	
S1-370715897	
S1-27029362	
S1-145829425	
S1-993527714	
S1-965555167	
S1-151608539	
S1-714672596	
S1-134898809	
S1-500841209	
S1-855787505	
S1-277072715	
S1-269656551	
S1-356020591	
S1-627144525	
S1-514155563	
S1-942221484	
S1-966462381	
S1-681392030	
S1-492467148	
S1-791867209	
S1-951599976	
S1-315450523	
S1-666876590	
S1-913301865	
S1-216181354	
S1-454111437	
S1-960158214	
S1-743171772	
S1-965549055	
S1-947119891	
S1-511561869	
S1-302710833	
S1-888660595	
S1-684656443	
S1-279914306	
S1-294547159	
S1-208973592	
S1-859252896	
S1-630223771	
S1-223600564	
S1-72918323	
S1-754175313	
S1-970518712	
S1-366329737	
S1-708796012	
S1-935703127	
S1-981414798	
S1-424529930	
S1-912508322	
S1-846028981	
S1-318218643	
S1-970972284	
S1-435587816	
S1-544301808	
S1-20267366	
S1-379918793	
S1-106221717	
S1-800482427	
S1-846529766	
S1-761874846	
S1-703200453	
S1-746273151	
S1-432962984	
S1-500552277	
S1-446787657	
S1-505869859	
S1-862092661	
S1-53323215	
S1-814475089	
S1-451077707	
S1-448166395	
S1-940115232	
S1-472232440	
S1-800915873	
S1-21084577	
S1-978421811	
S1-19400879	
S1-332410345	
S1-617455147	
S1-477458226	
S1-173971969	
S1-907635568	
S1-374959431	
S1-596450212	
S1-464797359	
S1-804300777	
S1-305440895	
S1-145606139	
S1-368348061	
S1-46716098	
S1-557464657	
S1-8092452	
S1-216511119	
S1-499302167	
S1-56985694	
S1-417526535	
S1-382435344	
S1-927651996	
S1-613598143	
S1-6232617	
S1-491925427	
S1-378164861	
S1-622231151	
S1-639096068	
S1-269039848	
S1-408835967	
S1-111673633	
S1-460845609	
S1-17506850	
S1-68201540	
S1-831843558	
S1-63266922	
S1-304785953	
S1-740254254	
S1-836203525	
S1-465739288	
S1-111065528	
S1-545601093	
S1-988516196	
S1-612217752	
S1-846542666	
S1-419483044	
S1-787617931	
S1-535605149	
S1-848219519	
S1-899782554	
S1-498738124	
S1-748364403	
S1-622557613	
S1-155027115	
S1-417074218	
S1-63975497	
S1-122492157	
S1-483281264	
S1-140525226	
S1-616755144	
S1-527727380	
S1-387694500	
S1-664267481	
S1-798970125	
S1-840279529	
S1-624514617	
S1-557783855	
S1-187558029	
S1-737635669	
S1-499566732	
S1-669754446	
S1-356319224	
S1-176550551	
S1-551688195	
S1-698189395	
S1-116737194	
S1-136894582	
S1-342754370	
S1-567349457	
S1-468339122	
S1-615455408	
S1-971115873	
S1-260530670	
S1-848777360	
S1-705961596	
S1-685073108	
S1-974991176	
S1-297525707	
S1-764937251	
S1-915022305	
S1-16609748	
S1-281051556	
S1-231271132	
S1-536948776	
S1-241686597	
S1-684505968	
S1-835425265	
S1-580966525	
S1-945468839	
S1-386654734	
S1-579617619	
S1-896836973	
S1-881770296	
S1-504059078	
S1-828917180	
S1-973233920	
S1-451892808	
S1-919867800	
S1-769172378	
S1-223621109	
S1-983652708	
S1-904479856	
S1-783021266	
S1-259452306	
S1-926958422	
S1-19593330	
S1-929809097	
S1-253986331	
S1-336167025	
S1-761585587	
S1-576153543	
S1-948336320	
S1-109460220	
S1-699955992	
S1-881535873	
S1-420936510	
S1-928237806	
S1-602775749	
S1-166601186	
S1-139532667	
S1-391248994	
S1-217259238	
S1-363414052	
S1-719919136	
S1-75134768	
S1-174758675	
S1-124712855	
S1-305403960	
S1-615738219	
S1-925443249	
S1-635349757	
S1-300609714	
S1-743936349	
S1-94297591	
S1-817802155	
S1-369711048	
S1-501296085	
S1-967153211	
S1-300031623	
S1-98579303	
S1-576857452	
S1-121839562	
S1-79772943	
S1-694085192	
S1-525055772	
S1-376690332	
S1-219548536	
S1-410701476	
S1-862338675	
S1-448345019	
S1-883829621	
S1-153055996	
S1-252433119	
S1-324674388	
S1-638466806	
S1-827102573	
S1-989439466	
S1-3732976	
S1-31205819	
S1-895771779	
S1-29354465	
S1-772189406	
S1-872627167	
S1-173906255	
S1-566012078	
S1-610266870	
S1-506810298	
S1-162806244	
S1-50643392	
S1-395813861	
S1-652331096	
S1-436985273	
S1-336308856	
S1-459696014	
S1-169008536	
S1-128347375	
S1-493363382	
S1-457935815	
S1-924009686	
S1-820394674	
S1-116247627	
S1-409451774	
S1-270844042	
S1-165891282	
S1-49032225	
S1-581797355	
S1-979042353	
S1-284710338	
S1-812886866	
S1-677741106	
S1-263481527	
S1-447103941	
S1-177375169	
S1-706514314	
S1-352234501	
S1-225119054	
S1-543144015	
S1-233584777	
S1-192327811	
S1-993357110	
S1-440023753	
S1-854319024	
S1-86094936	
S1-981904067	
S1-832211747	
S1-488506845	
S1-654697159	
S1-739195544	
S1-559551054	
S1-580254632	
S1-405795474	
S1-765456522	
S1-55333937	
S1-876256279	
S1-651095976	
S1-522840559	
S1-601945198	
S1-757082720	
S1-590134263	
S1-842497118	
S1-326704888	
S1-4869416	
S1-720468760	
S1-93806322	
S1-16642923	
S1-951871591	
S1-665355186	
S1-953470089	
S1-464105135	
S1-272091966	
S1-675959550	
S1-716442915	
S1-657025372	
S1-958577120	
S1-606480359	
S1-378652653	
S1-24519478	
S1-539197690	
S1-977704542	
S1-338840619	
S1-170960991	
S1-152967828	
S1-13859063	
S1-152217425	
S1-113241674	
S1-711682948	
S1-284209086	
S1-537478269	
S1-208550511	
S1-632136965	
S1-133868991	
S1-684878299	
S1-281356776	
S1-40830766	
S1-89093509	
S1-954595905	
S1-287666599	
S1-952988982	
S1-349873839	
S1-279661956	
S1-353948236	
S1-126927804	
S1-627443733	
S1-280818643	
S1-974716750	
S1-85500745	
S1-452308590	
S1-330281696	
S1-75862106	
S1-763496609	
S1-631165181	
S1-737977090	
S1-987994833	
S1-512288351	
S1-198026451	
S1-493059116	
S1-708417088	
S1-548116192	
S1-74901450	
S1-19868030	
S1-460136045	
S1-332388880	
S1-792880767	
S1-457615425	
S1-396759763	
S1-944430830	
S1-90032658	
S1-483140947	
S1-566183725	
S1-756304715	
S1-306095185	
S1-387418200	
S1-500998121	
S1-362880192	
S1-932539298	
S1-98168281	
S1-839067903	
S1-572490154	
S1-545582895	
S1-444149322	
S1-232999426	
S1-402046621	
S1-323747485	
S1-780502827	
S1-120433302	
S1-131038804	
S1-436307824	
S1-314962839	
S1-804663373	
S1-760380153	
S1-820935401	
S1-562989120	
S1-125331877	
S1-276322405	
S1-71714945	
S1-636549603	
S1-147465602	
S1-724291976	
S1-906281937	
S1-97581850	
S1-15005997	
S1-866369736	
S1-989125871	
S1-447452795	
S1-698954473	
S1-701741704	
S1-314045617	
S1-832593986	
S1-889584874	
S1-926018314	
S1-90128015	
S1-748243940	
S1-543291404	
S1-878904744	
S1-778456014	
S1-887285254	
S1-387008828	
S1-338441694	
S1-407730822	
S1-584442364	
S1-590082446	
S1-629969170	
S1-883468618	
S1-904228116	
S1-805104360	
S1-224534945	
S1-631840437	
S1-117902162	
S1-381957415	
S1-258353664	
S1-745976550	
S1-164240371	
S1-346603579	
S1-328371553	
S1-542424915	
S1-116081375	
S1-956108284	
S1-599703679	
S1-159067707	
S1-590285242	
S1-378978603	
S1-730858380	
S1-101076392	
S1-635491453	
S1-148845479	
S1-29696416	
S1-684012770	
S1-71172417	
S1-8813651	
S1-183363639	
S1-999555430	
S1-633779655	
S1-913042783	
S1-558031216	
S1-690538628	
S1-86804153	
S1-92768400	
S1-246225268	
S1-979509841	
S1-942087593	
S1-566485202	
S1-360188878	
S1-607646145	
S1-422926253	
S1-92729851	
S1-674558177	
S1-126393436	
S1-806365059	
S1-180523534	
S1-713966229	
S1-790887991	
S1-46049969	
S1-106691524	
S1-183540234	
S1-545370440	
S1-410040347	
S1-174390454	S3-511558180
S1-695737678	
S1-143410687	
S1-690898835	
S1-196054265	
S1-710909094	
S1-171653159	
S1-861378966	
S1-60629534	
S1-679782609	
S1-150829563	
S1-986863583	
S1-67904101	
S1-552720726	
S1-531110798	
S1-88905792	
S1-403028834	
S1-279014952	
S1-66101502	
S1-419304665	
S1-189831319	
S1-464514986	
S1-418896338	
S1-492793391	
S1-648894561	
S1-143671838	
S1-851799346	
S1-804171096	
S1-751608780	
S1-163766842	
S1-569100881	
S1-104955523	
S1-291991311	
S1-364278564	
S1-965040695	
S1-509571057	
S1-150821320	
S1-78166516	
S1-112860356	
S1-419129929	
S1-40045119	
S1-837908386	
S1-967500830	
S1-718976444	
S1-304297041	
S1-177943533	
S1-868064087	
S1-409256428	
S1-631031485	
S1-16807998	
S1-600462984	
S1-240050566	
S1-840622396	
S1-130034572	
S1-164072881	
S1-587645790	
S1-577250550	
S1-487652257	
S1-281725882	
S1-562163221	
S1-92502000	
S1-268149339	
S1-667406578	
S1-908498505	
S1-156883486	
S1-368846142	
S1-231101064	
S1-372903225	
S1-621386822	
S1-238012566	
S1-96384915	
S1-307702274	
S1-933356469	
S1-164830224	
S1-100405609	
S1-234407650	
S1-725482440	
S1-192345497	
S1-622515318	
S1-59409377	
S1-319952925	
S1-111867989	
S1-580992307	
S1-684624531	
S1-744424482	
S1-160617128	
S1-388951829	
S1-502282153	
S1-554328643	
S1-959189311	
S1-355110377	
S1-419243203	
S1-791484925	
S1-607311453	
S1-823066174	
S1-169036830	
S1-345107626	
S1-748540962	
S1-277014552	
S1-912273534	
S1-456715439	
S1-637465929	
S1-526349990	
S1-296323848	
S1-547546143	
S1-80960427	
S1-609323033	
S1-523354110	
S1-231416129	
S1-460133008	
S1-676648395	
S1-972836911	
S1-292830915	
S1-51101506	
S1-509332273	
S1-127222577	
S1-589521969	
S1-208167915	
S1-420226248	
S1-512080827	
S1-151302070	
S1-670025586	
S1-529148390	
S1-12487330	
S1-831133424	
S1-671445253	
S1-700600281	
S1-857022301	
S1-64140802	
S1-690449852	
S1-391697975	
S1-486510827	
S1-516705356	
S1-275228042	
S1-612138552	
S1-571214733	
S1-906686327	
S1-939880982	
S1-60980827	
S1-476385483	
S1-359497386	
S1-791947968	
S1-2106291	
S1-802762694	
S1-763758768	
S1-368557784	
S1-801306682	
S1-910150597	
S1-204397870	
S1-853669737	
S1-170998977	
S1-72369296	
S1-114279394	
S1-558634684	
S1-185338284	
S1-352005417	
S1-870254921	
S1-574943722	
S1-829163315	
S1-657654513	
S1-623261026	
S1-393157555	
S1-528999441	
S1-445131173	
S1-906572599	
S1-720173062	
S1-779180246	
S1-812486340	
S1-585692765	
S1-358447941	
S1-206894799	
S1-27158214	
S1-196578854	
S1-624045976	
S1-362520	
S1-463548524	
S1-897226407	
S1-645713459	
S1-229555888	
S1-68456921	
S1-992003464	
S1-912947277	
S1-417264639	
S1-470845482	
S1-987779515	
S1-509283665	
S1-619895264	
S1-17339733	
S1-647059934	
S1-161901150	
S1-241742700	
S1-512634625	
S1-37213524	
S1-916773322	
S1-263724589	
S1-734453985	
S1-722883348	
S1-309101313	
S1-266640251	
S1-619068107	
S1-706856946	
S1-774836812	
S1-452691275	
S1-277375862	
S1-110602510	
S1-770963722	
S1-341378122	
S1-202909837	
S1-520992658	
S1-277391322	
S1-638110492	
S1-844896591	
S1-245014023	
S1-790771894	
S1-437422427	
S1-870525516	
S1-382138150	
S1-470699785	
S1-696598587	
S1-960756168	
S1-842881175	
S1-42596820	
S1-360871186	
S1-868335410	
S1-780893579	
S1-372897884	
S1-582550646	
S1-761888543	
S1-430842276	
S1-533701421	
S1-140574806	
S1-388312190	
S1-767371184	
S1-395950954	
S1-691555791	
S1-793019850	
S1-975506716	
S1-495990882	
S1-666435696	
S1-129027978	
S1-922994065	
S1-623350674	
S1-753180274	
S1-617270478	
S1-334052695	
S1-102971431	
S1-948624922	
S1-638785454	
S1-455885431	
S1-312194988	
S1-745218864	
S1-576426786	
S1-298951977	
S1-380060263	
S1-603442937	
S1-795245610	
S1-873852360	
S1-144718195	
S1-518394026	
S1-703428973	
S1-478051664	
S1-95925372	
S1-436247714	
S1-993604636	
S1-515624637	
S1-295377582	
S1-616628716	
S1-187058094	
S1-557975484	
S1-487154804	
S1-536638885	
S1-511863452	
S1-956446110	
S1-889448973	
S1-925403791	
S1-234200441	
S1-354705482	
S1-37630161	
S1-763611874	
S1-285739773	
S1-119279828	
S1-432139268	
S1-580205927	
S1-119171444	
S1-584177675	
S1-761930510	
S1-197922151	
S1-256602729	
S1-274090278	
S1-312481466	
S1-906079981	
S1-193918319	
S1-928870866	
S1-613445780	
S1-461369552	
S1-38402575	
S1-37338275	
S1-543127091	
S1-340996011	
S1-606725408	
S1-945115789	
S1-639012333	
S1-473235417	
S1-930984906	
S1-862093695	
S1-749000475	
S1-369632481	
S1-430604402	
S1-538780979	
S1-416469670	
S1-351025388	
S1-960355473	
S1-453223583	
S1-571115458	
S1-143265439	
S1-220020462	
S1-803676246	
S1-510772858	
S1-549011344	
S1-350245409	
S1-373457471	
S1-554902174	
S1-966940882	
S1-241670741	
S1-758075760	
S1-773320212	
S1-881005414	
S1-100302483	
S1-692096873	
S1-919267939	
S1-524979710	
S1-886802071	
S1-95264755	
S1-558011533	
S1-874413333	
S1-671129885	
S1-803808238	
S1-620608935	
S1-951609532	
S1-568217118	
S1-946744214	
S1-596007326	
S1-104226194	
S1-987152524	
S1-589253257	
S1-445455950	
S1-198728897	
S1-279971988	
S1-479239049	
S1-108314429	
S1-700882543	
S1-805440050	
S1-710147242	
S1-465082733	
S1-402994011	
S1-236963798	
S1-680585243	
S1-392245358	
S1-521730978	
S1-103952189	
S1-691021205	
S1-532630246	
S1-63162461	
S1-367965660	
S1-731133418	
S1-885630742	
S1-807555566	
S1-401836525	
S1-796024407	
S1-149887453	
S1-823731657	
S1-578641214	
S1-549086594	
S1-21590818	
S1-555090350	
S1-557511474	
S1-576220090	
S1-299278979	
S1-202490639	
S1-122618676	
S1-144979450	
S1-877733833	
S1-51525259	
S1-945650918	
S1-947166860	
S1-243140298	
S1-694979060	
S1-429112441	
S1-246462346	
S1-232082545	
S1-186761262	
S1-100146655	
S1-341291980	
S1-572730139	
S1-594141325	
S1-401761505	
S1-820196196	
S1-81981566	
S1-92690219	
S1-888167789	
S1-942011133	
S1-142288436	
S1-119783341	
S1-328164935	
S1-926243009	
S1-376882708	
S1-400092918	
S1-419235241	
S1-724315493	
S1-336476210	
S1-977818366	
S1-347171620	
S1-346929118	
S1-561269090	
S1-640578446	
S1-317610576	
S1-398084502	
S1-429137290	
S1-256480068	
S1-375348297	
S1-415042128	
S1-410228098	
S1-460033462	
S1-317952287	
S1-615534064	
S1-616272752	
S1-441322	
S1-391141182	
S1-950174003	
S1-175633133	
S1-644411036	
S1-762958682	
S1-78424718	
S1-925057409	
S1-181609420	
S1-613244295	
S1-441593499	
S1-506720235	
S1-735268637	
S1-67628861	
S1-951104915	
S1-867129763	
S1-211026051	
S1-650106134	
S1-110295930	
S1-954886409	
S1-911365600	
S1-796183067	
S1-401074421	
S1-147057413	
S1-397900824	
S1-241872490	
S1-571376605	
S1-25587016	
S1-335752330	
S1-339696594	
S1-277159753	
S1-652651286	
S1-931180841	
S1-943874235	
S1-909532705	
S1-716346194	
S1-920710760	
S1-735283511	
S1-541962667	
S1-158306158	
S1-330916229	
S1-124208550	
S1-476022166	
S1-491232871	
S1-307045007	
S1-862715502	
S1-663284662	
S1-435735212	
S1-368357600	
S1-51590630	
S1-51122580	
S1-730279779	
S1-357200984	
S1-533049965	
S1-178488255	
S1-223283080	
S1-684205378	
S1-325106163	
S1-973414824	
S1-149302771	
S1-950101048	
S1-809295456	
S1-23124190	
S1-234439628	
S1-524765559	
S1-796310218	
S1-719801396	
S1-201376315	
S1-289717548	
S1-739118392	
S1-996684915	
S1-898355913	
S1-563382731	
S1-264272517	
S1-47921351	
S1-961941107	
S1-423126373	
S1-316932948	
S1-216179293	
S1-160840431	
S1-820630138	
S1-878632015	
S1-795631320	
S1-381177686	
S1-354038358	
S1-337240153	
S1-975769032	
S1-891539767	
S1-212949733	
S1-384388496	
S1-212460801	
S1-722578559	
S1-422936323	
S1-645147697	
S1-25965321	
S1-658336143	
S1-251311978	
S1-589634567	
S1-942301043	
S1-392902135	
S1-745300796	
S1-869118709	
S1-219401270	
S1-471497067	
S1-895337107	
S1-735713081	
S1-30166617	
S1-351491429	
S1-749745623	
S1-64966742	
S1-279736597	
S1-344557977	
S1-104662239	
S1-307708702	
S1-482286138	
S1-122637196	
S1-821523654	
S1-184201555	
S1-470841570	
S1-166332747	
S1-791107630	
S1-354336647	
S1-360225492	
S1-570676783	
S1-109545202	
S1-728032080	
S1-985181624	
S1-407845038	
S1-549370199	
S1-476132624	
S1-598823125	
S1-546751738	
S1-564193651	
S1-882796400	
S1-387747643	
S1-64915886	
S1-901695846	
S1-657278286	
S1-863544866	
S1-355053030	
S1-943567301	
S1-549730361	
S1-596431100	
S1-521605108	
S1-289853373	
S1-474310615	S2-161949377
S1-988797326	
S1-703703543	
S1-280987053	
S1-126920508	
S1-271585788	
S1-204931911	
S1-178384024	
S1-856667356	
S1-732613749	
S1-380839864	
S1-486296456	
S1-852026470	
S1-895409233	
S1-797931932	
S1-584499457	
S1-298019640	
S1-92668465	
S1-562441786	
S1-560649724	
S1-834788095	
S1-589719894	
S1-772116613	
S1-966027321	
S1-577969980	
S1-673553033	
S1-206477802	
S1-298646564	
S1-777555607	
S1-388246740	
S1-379154805	
S1-947431711	
S1-737368602	
S1-706591875	
S1-365672071	
S1-603318865	
S1-630839433	
S1-721254668	
S1-676187388	
S1-537121104	
S1-299628100	
S1-995742594	
S1-392214139	
S1-952136084	
S1-582600323	
S1-967514668	
S1-157183174	
S1-836401682	
S1-412010600	
S1-552549808	
S1-226564818	
S1-473606105	
S1-55790876	
S1-442205824	
S1-567672228	
S1-858093716	
S1-817125131	
S1-168226168	
S1-927776130	
S1-597401517	
S1-30151590	
S1-175016539	
S1-585509512	
S1-898630961	
S1-580432162	
S1-88817160	
S1-227354877	
S1-553712807	
S1-388700492	
S1-238511000	
S1-626922669	
S1-428709431	
S1-299742816	
S1-383350674	
S1-909955989	
S1-216798062	
S1-772468356	
S1-908800416	
S1-27002930	
S1-615389185	
S1-674323954	
S1-404818756	
S1-85210897	
S1-625041866	
S1-784078088	
S1-661173194	
S1-21376915	
S1-857915278	
S1-535787043	
S1-582702190	
S1-72252837	
S1-557729317	
S1-44450013	
S1-244210172	
S1-545839168	
S1-829420372	
S1-424170762	
S1-859740925	
S1-285660164	
S1-722435697	
S1-28205922	
S1-829987371	
S1-385338713	
S1-271520763	
S1-702535028	
S1-864658047	
S1-701003373	
S1-924467624	
S1-818679709	
S1-106011786	
S1-546702803	
S1-658439443	
S1-608967311	
S1-680008372	
S1-621761582	
S1-349458496	
S1-851769617	
S1-156869488	
S1-727634534	
S1-853993166	
S1-882698520	
S1-893318925	
S1-948768038	
S1-513693430	
S1-90406410	
S1-545645075	
S1-468172551	
S1-791155002	
S1-549242522	
S1-183760590	
S1-244809602	
S1-340929942	
S1-596555182	
S1-495878698	
S1-755546342	
S1-938792097	
S1-457922425	
S1-181290919	
S1-215396556	
S1-574668375	
S1-951623450	
S1-921473285	
S1-437415597	
S1-360909582	
S1-154383438	
S1-491337400	
S1-679660495	
S1-746193689	
S1-401850061	
S1-8000604	
S1-872302647	
S1-82192539	
S1-690582233	
S1-311486232	
S1-366279397	
S1-855700872	
S1-320229740	
S1-826696794	
S1-411563198	
S1-256282960	
S1-234585908	
S1-409413534	
S1-633109512	
S1-265007680	
S1-262294930	
S1-410474103	
S1-741813500	
S1-496346323	
S1-569898026	
S1-497340561	
S1-52451029	
S1-533445371	
S1-252832899	
S1-194887455	
S1-520710871	
S1-106671505	
S1-375370928	
S1-607852072	
S1-817683544	
S1-552658307	
S1-617760637	
S1-941709619	
S1-311090979	
S1-854288036	
S1-930644837	
S1-481652414	
S1-691663442	
S1-451464552	
S1-71265566	
S1-44019475	
S1-504442535	
S1-766866439	
S1-6728823	
S1-499242108	
S1-847883289	
S1-639708214	
S1-914958503	
S1-677633780	
S1-927838010	
S1-328196988	
S1-936820081	
S1-95503899	
S1-557511339	
S1-529563044	
S1-27508378	
S1-456709533	
S1-186737681	
S1-425938131	
S1-541300902	
S1-245736163	
S1-279145576	
S1-609062608	
S1-108284040	
S1-942110962	
S1-98442615	
S1-48453378	
S1-850758454	
S1-367793476	
S1-435229220	
S1-837510013	
S1-44244376	
S1-304476315	
S1-205103751	
S1-778632723	
S1-1727907	
S1-807405756	
S1-161210403	
S1-5718747	
S1-91116287	
S1-538020889	
S1-199433633	
S1-571777559	
S1-159677035	
S1-560811925	
S1-730644474	
S1-277346734	
S1-27455843	
S1-721895642	
S1-942584485	
S1-823023497	
S1-71296969	
S1-235106542	
S1-464529384	
S1-953014080	
S1-296996951	
S1-411592446	
S1-357556905	
S1-451116961	
S1-537740820	
S1-36683808	
S1-218059706	
S1-561721636	
S1-686329764	
S1-488537245	
S1-160103007	
S1-701892935	
S1-270609465	
S1-735419931	
S1-21981800	
S1-984312810	
S1-539053304	
S1-900945148	
S1-830412925	
S1-477773796	
S1-142631764	
S1-7040061	
S1-354301488	
S1-207587850	
S1-915479091	
S1-73734420	
S1-483434064	
S1-407280565	
S1-557547015	
S1-228678189	
S1-45414958	
S1-959272256	
S1-928914408	
S1-254753234	
S1-137682774	
S1-476024246	
S1-800226602	
S1-334146653	
S1-459070718	
S1-997319680	
S1-72785829	
S1-60550637	
S1-106653705	
S1-556845820	
S1-273979066	
S1-165673175	
S1-509723568	
S1-91085118	
S1-520290406	
S1-48201804	
S1-582307657	
S1-749675254	
S1-168182736	
S1-715992753	
S1-539879230	
S1-739032625	
S1-94486532	
S1-761286259	
S1-140279129	
S1-501989527	
S1-752489684	
S1-274310041	
S1-506296494	
S1-398602742	
S1-367749530	
S1-462035659	
S1-581156957	
S1-760816941	
S1-994039959	
S1-650239343	
S1-552321484	
S1-455806760	
S1-272502295	
S1-399242844	
S1-210055577	
S1-475934373	
S1-41217356	
S1-336993358	
S1-389234911	
S1-531436692	
S1-134717804	
S1-887193507	
S1-796967309	
S1-227546659	
S1-527408099	
S1-832785535	
S1-279028557	
S1-200376709	
S1-959671957	
S1-528590391	
S1-63719584	
S1-292649689	
S1-369859179	
S1-235913521	
S1-218685314	
S1-915189817	
S1-453939454	
S1-391322859	
S1-62395269	
S1-761471261	
S1-350018831	
S1-553547335	
S1-402902918	
S1-472663407	
S1-908551239	
S1-709080642	
S1-114380129	
S1-113606541	
S1-102881886	
S1-609076271	
S1-339374417	
S1-744315333	
S1-130377203	
S1-238331147	
S1-460833036	
S1-650704989	
S1-995584103	
S1-956930131	
S1-976027745	
S1-406771676	
S1-558129390	
S1-558262132	
S1-771350895	
S1-432478198	
S1-259948914	
S1-980320825	
S1-974370004	
S1-601242427	
S1-177380392	
S1-98065022	
S1-375669649	
S1-130813878	
S1-388874339	
S1-843616710	
S1-823546667	
S1-656987935	
S1-998949892	
S1-858511549	
S1-342712677	
S1-566822758	
S1-801645099	
S1-177844289	
S1-659932965	
S1-228393799	
S1-350053232	
S1-568551826	
S1-148428619	
S1-591365175	
S1-585187511	
S1-477308019	
S1-611838759	
S1-943911835	
S1-487408870	
S1-201577703	
S1-292393735	
S1-611106612	
S1-949279814	
S1-619314161	
S1-893609958	
S1-420365721	
S1-148958598	
S1-163521308	
S1-459799143	
S1-465376969	
S1-281523825	
